{"cameraMode":{"drawMode":0,"name":"Shaded","section":"Shading Mode"},"sceneLighting":true,"audioPlay":false,"sceneViewState":{"m_AlwaysRefresh":false,"showFog":true,"showSkybox":true,"showFlares":true,"showImageEffects":true,"showParticleSystems":true,"showVisualEffectGraphs":true,"m_FxEnabled":true},"in2DMode":false,"pivot":{"x":3.224006414413452,"y":281.2768249511719,"z":14.062844276428223},"rotation":{"x":0.0365452878177166,"y":-0.22961054742336274,"z":-0.00909716822206974,"w":0.9729819297790527},"size":3.0809288024902345,"orthographic":false}